"id","spectrum","ev"
43,"53.319:1.97448429548671 54.537:2.29578938537344 64.986:5.40087419667188 65.727:2.67091376371222 66.968:100 67.577:58.6826816618448 68.646:1.48311686268541 76.622:1.93812550824846 77.761:2.34113269480426 80.024:10.0002771518498 80.812:1.30453030755324 81.593:11.1163541446077 82.662:2.90737375025537 87.407:1.28446973512477 91.473:2.09101761876895 93.151:3.38430664970923 95.336:4.41595151004734 104.983:2.04619523843029 106.544:3.58658016797358 107.332:9.67493130689006 108.19:8.04447229422471 109.431:3.2645937356301 131.535:1.95860452229728 133.12:1.76014083193876 134.181:3.1823155045224 147.482:2.48296138919857 149.363:5.51023009300836",35
51,"68.0501937866:0.982856686586494 70.0658111572:1.28231824117971 71.0861816406:1.19495414538897 71.5009613037:2.06175810575463 71.5030975342:2.37021251275537 72.0450744629:1.23824725589206 87.0638427734:1.07371247459005 87.0921325684:3.47725973460131 88.0760269165:1.11413465824983 97.0287475586:4.65781551556594 99.0919799805:1.97957642590772 102.091423035:1.50530845599866 112.099502563:1.48323160203862 113.107444763:6.38498632263574 130.133789062:4.77869481361537 131.11781311:1.49064455641104 136.061706543:100 139.111450195:1.20615262490515 172.144119263:1.16161249131112 173.175888062:4.36537655859224 178.950012207:2.49415602435616 191.205566406:1.01488344501611 204.087249756:1.2708847598784 216.218002319:1.35368241362394 232.08253479:2.03706236979327 238.110076904:4.57176783767738 263.141906738:1.65178709273797 267.116485596:1.10600037251199 281.152313232:6.27534352454731 292.455627441:1.7199447837758 299.179901123:1.14412247371474 307.151397705:2.841520364425 324.194519043:1.27716019287054 325.178375244:1.13044340733336 342.223236084:1.62252831076935 348.069976807:4.38884120769872 367.236236572:1.41270333569244 374.277069092:1.70268486654563 409.266387939:1.14089718926555 410.278411865:2.999191371765 427.235290527:2.28518651180873 427.304718018:3.29576886206247 428.309906006:1.97098900076603",35
76,"40:52.348731209745 41:74.3811909502889 42:66.3108460543078 43:47.0557341719689 54:54.0249748738528 66:59.0457719416258 67:63.3866486832085 68:54.9913025475314 76:71.1806452746682 77:49.1631841425551 78:58.1588186955763 79:63.3605747810277 80:100 81:48.1622333898364 93:61.5852752122932 94:77.0060533346376",35
